{
  "default": {
    "roc_auc": 0.999844221242639,
    "precision": 0.4255820036620455,
    "recall": 0.9902617163724894,
    "f1": 0.5953165020124406,
    "threshold": 0.5
  },
  "best_f1": {
    "threshold": 0.99,
    "precision": 0.9412903225806452,
    "recall": 0.8880097382836275,
    "f1": 0.9138740995928594
  },
  "best_precision_at_recall_0_98": {
    "threshold": 0.75,
    "precision": 0.5560925094925785,
    "recall": 0.9805234327449787,
    "f1": 0.7096916299559471,
    "note": "Best precision with recall >= 0.98"
  }
}