{
  "default": {
    "roc_auc": 0.9998037027221055,
    "precision": 0.47844063792085056,
    "recall": 0.9860012172854534,
    "f1": 0.6442632730165043,
    "threshold": 0.5
  },
  "best_f1": {
    "threshold": 0.99,
    "precision": 0.952755905511811,
    "recall": 0.8837492391965917,
    "f1": 0.9169561098831702
  },
  "best_precision_at_recall_0_98": {
    "threshold": 0.7100000000000001,
    "precision": 0.5877417001094491,
    "recall": 0.9805234327449787,
    "f1": 0.7349452554744526,
    "note": "Best precision with recall >= 0.98"
  }
}